<?xml version="1.0" encoding="UTF-8"?>
<card assignedToUserID="1" id="15" taskCount="0" title="01 - Loggin">&#x0A;<contents/>&#x0A;<estimate>12.0</estimate>&#x0A;<status>Started</status>&#x0A;<history>&#x0A;<event name="creation" tmst="2022-12-04 21:35" user="admin"/>&#x0A;<event name="statusAccepted" tmst="2022-12-04 21:50" user="admin"/>&#x0A;<event name="statusProposed" tmst="2022-12-04 21:35" user="admin"/>&#x0A;<event name="statusStarted" tmst="2022-12-04 21:54" user="admin"/>&#x0A;<event name="statusComplete" tmst="2022-12-04 21:50" user="admin"/>&#x0A;<event name="statusWaiting" tmst="2022-12-04 21:36" user="admin"/>&#x0A;<event name="lastChange" tmst="2022-12-04 21:56" user="admin"/>&#x0A;</history>&#x0A;<taskList/>&#x0A;<fieldList/>&#x0A;<acceptanceTestList/>&#x0A;</card>